gene,mean_GFI1_low,mean_GFI1_high,log2FC,pvalue,padj,significant,is_secreted
LGALS3,1.090258003281189,1e-09,30.022022434868244,0.13037291169166565,0.9718791916966438,False,True
CXCL8,1.0770102749334107,1e-09,30.00438486758683,0.15951448678970337,0.9718791916966438,False,True
CXCR4,1.0070803175435792,1e-09,29.907531600986434,0.1705051213502884,0.9718791916966438,False,False
TIMP1,0.9913167963491211,1e-09,29.884770934054117,0.16492366790771484,0.9718791916966438,False,True
CCL5,0.930056096123291,1e-09,29.792742493769257,0.21319547295570374,1.0,False,True
CSF1R,0.528602660702301,1e-09,28.977608445849768,0.3252912163734436,1.0,False,False
TGFB1,0.5222797403798828,1e-09,28.96024750067933,0.3308093845844269,1.0,False,True
TGFBR2,0.4005703936086426,1e-09,28.5774805537582,0.40635204315185547,1.0,False,False
PDGFA,0.3351481864915619,1e-09,28.320223886448836,0.4522010385990143,1.0,False,True
CCR2,0.2503581057058106,1e-09,27.899417924615506,0.4913732409477234,1.0,False,False
TNF,0.1238035197125206,1e-09,26.88347708980307,0.6417136788368225,1.0,False,True
FN1,0.11936555157764053,1e-09,26.830811299731607,0.6649483442306519,1.0,False,True
FLT3LG,0.11114248733384705,1e-09,26.727835191921674,0.6902878880500793,1.0,False,True
ANGPT2,0.06945698063237762,1e-09,26.049616360831706,0.7388895153999329,1.0,False,True
CXCR2,0.06900879840715027,1e-09,26.040276976959493,0.7183030843734741,1.0,False,False
VEGFA,0.06786518643958664,1e-09,26.01616835309847,0.7283771634101868,1.0,False,True
SPP1,0.061813511954380035,1e-09,25.8814188987626,0.7614614367485046,1.0,False,True
MMP2,0.044203174369169235,1e-09,25.397646642023155,0.8005303144454956,1.0,False,True
CXCL10,0.03495088319642639,1e-09,25.058825576665047,0.8155227303504944,1.0,False,True
CXCL1,0.03109351459307766,1e-09,24.89011036224873,0.8005303144454956,1.0,False,True
CSF1,0.020860447617007255,1e-09,24.314266779303544,0.8711240291595459,1.0,False,True
IL10,0.020025604473186492,1e-09,24.255342455275315,0.8501945734024048,1.0,False,True
FGF2,0.01890033210976219,1e-09,24.171908249393194,0.8711240291595459,1.0,False,True
CCL3,0.01441572706563568,1e-09,23.7811402660485,0.8711240291595459,1.0,False,True
IFNG,0.013494136811924934,1e-09,23.685829358171958,0.8962996006011963,1.0,False,True
FLT1,0.011873182909322738,1e-09,23.501203402219456,0.8962996006011963,1.0,False,False
MMP9,0.011297438362372875,1e-09,23.429492350050587,0.8962996006011963,1.0,False,True
IL6,0.0066252724022994045,1e-09,22.65954834243338,0.9300863742828369,1.0,False,True
CXCL12,0.0066252724022994045,1e-09,22.65954834243338,0.9300863742828369,1.0,False,True
COL1A1,0.006436412757022143,1e-09,22.617825416115,0.9300863742828369,1.0,False,True
VEGFC,0.006151677643639803,1e-09,22.55254847540236,0.9300863742828369,1.0,False,True
BMP4,0.005452456952763558,1e-09,22.37847504413432,0.9300863742828369,1.0,False,True
KITLG,0.004767499001456261,1e-09,22.184801205692462,0.9300863742828369,1.0,False,True
CCL2,0.004524918807430029,1e-09,22.109460474852845,0.9300863742828369,1.0,False,True
PDGFRA,0.004524918807430029,1e-09,22.109460474852845,0.9300863742828369,1.0,False,False
CXCR1,0.003608548383919358,1e-09,21.78298716807354,0.9300863742828369,1.0,False,False
S100A9,3.9587714682088624,0.711313248680664,2.4764958458785737,0.010059121996164322,0.2866849768906832,False,True
LGALS1,3.5756161222921143,0.7374570975766906,2.277560830816663,0.018737874925136566,0.35601962357759476,False,True
S100A8,3.4698920259938966,1.4952107677922974,1.2145419067560446,0.1235104501247406,0.9718791916966438,False,True
CD44,2.6205518255697022,1.3568702946172486,0.9495878229996252,0.24565866589546204,1.0,False,False
CCL4,1e-09,1e-09,0.0,1.0,1.0,False,True
TGFB2,1e-09,1e-09,0.0,1.0,1.0,False,True
KDR,1e-09,1e-09,0.0,1.0,1.0,False,False
TEK,1e-09,1e-09,0.0,1.0,1.0,False,False
CSF2,1e-09,1e-09,0.0,1.0,1.0,False,True
CSF3,1e-09,1e-09,0.0,1.0,1.0,False,True
PDGFB,1e-09,1e-09,0.0,1.0,1.0,False,True
ANXA1,4.731335164116455,5.108250142143799,-0.11058180917439142,0.3988957703113556,1.0,False,True
THBS1,0.5445221076474914,0.711313248680664,-0.38549441126039374,0.8939489126205444,1.0,False,True
CXCL2,0.4397651265130768,0.711313248680664,-0.6937518322991727,0.6989793181419373,1.0,False,True
ANGPT1,1.627819062279297,2.8056180487142335,-0.7853782687089598,0.2195761650800705,1.0,False,True
KIT,0.777030886219574,1.4749141941533814,-0.9245871748721115,0.3489713668823242,1.0,False,False
HGF,0.6328443894849548,1.3857842693792115,-1.1307799816454587,0.27348047494888306,1.0,False,True
IL1B,0.6315162787900696,1.4102675924764405,-1.159077105649601,0.26500481367111206,1.0,False,True
IL6R,1.1544973860250245,2.716592312859131,-1.2345331656275893,0.06099412962794304,0.8691663471981883,False,False
TGFBR1,0.3927241871820221,1.3104497204290162,-1.738473642278106,0.07967110723257065,0.9082506224513054,False,False
GFI1,0.047667645917964935,7.654016495750977,-7.327062820837976,0.0,0.0,False,False
