ligand,receptor,sender,receiver,ligand_mean,receptor_mean,interaction_score
VEGFA,KDR,GMP,Endothelial,0.854,0.7734,0.6604
VEGFA,KDR,Leukemic_Blast,Endothelial,0.8408,0.7734,0.6502
CCL2,CCR2,HSC_MPP,Monocyte,0.867,0.7354,0.6376
TGFB1,TGFBR1,GMP,MSC,0.8885,0.7087,0.6297
CXCL12,CXCR4,HSC_MPP,MSC,0.8229,0.7481,0.6156
VEGFA,KDR,HSC_MPP,Endothelial,0.7884,0.7734,0.6097
CXCL12,CXCR4,Leukemic_Blast,MSC,0.814,0.7481,0.6089
CXCL12,CXCR4,GMP,MSC,0.8063,0.7481,0.6031
CCL2,CCR2,GMP,Monocyte,0.8129,0.7354,0.5978
TGFB1,TGFBR1,Leukemic_Blast,MSC,0.8394,0.7087,0.5948
CCL2,CCR2,Leukemic_Blast,Monocyte,0.8087,0.7354,0.5947
SPP1,CD44,HSC_MPP,Macrophage,0.7996,0.7432,0.5943
SPP1,CD44,Leukemic_Blast,Macrophage,0.7967,0.7432,0.5921
VEGFA,FLT1,GMP,Endothelial,0.854,0.6913,0.5904
SPP1,CD44,HSC_MPP,MSC,0.7996,0.7308,0.5844
CSF1,CSF1R,Leukemic_Blast,Macrophage,0.8043,0.7245,0.5827
SPP1,CD44,Leukemic_Blast,MSC,0.7967,0.7308,0.5822
TGFB1,TGFBR2,GMP,Macrophage,0.8885,0.6544,0.5815
VEGFA,FLT1,Leukemic_Blast,Endothelial,0.8408,0.6913,0.5813
CSF1,CSF1R,Leukemic_Blast,Monocyte,0.8043,0.7115,0.5723
IL6,IL6R,HSC_MPP,Monocyte,0.8209,0.6968,0.572
SPP1,CD44,GMP,Macrophage,0.7529,0.7432,0.5596
IL6,IL6R,Leukemic_Blast,Monocyte,0.8027,0.6968,0.5593
SPP1,CD44,GMP,MSC,0.7529,0.7308,0.5502
TGFB1,TGFBR2,Leukemic_Blast,Macrophage,0.8394,0.6544,0.5493
IL6,IL6R,GMP,Monocyte,0.788,0.6968,0.5491
VEGFA,FLT1,HSC_MPP,Endothelial,0.7884,0.6913,0.545
CSF1,CSF1R,HSC_MPP,Macrophage,0.7504,0.7245,0.5436
CSF1,CSF1R,GMP,Macrophage,0.7479,0.7245,0.5418
CSF1,CSF1R,HSC_MPP,Monocyte,0.7504,0.7115,0.5339
CSF1,CSF1R,GMP,Monocyte,0.7479,0.7115,0.5321
TGFB1,TGFBR1,HSC_MPP,MSC,0.7171,0.7087,0.5081
TGFB1,TGFBR2,HSC_MPP,Macrophage,0.7171,0.6544,0.4693
TGFB1,TGFBR2,GMP,Endothelial,0.8885,0.4528,0.4024
TGFB1,TGFBR1,GMP,Monocyte,0.8885,0.4432,0.3938
TGFB1,TGFBR2,Leukemic_Blast,Endothelial,0.8394,0.4528,0.3801
TGFB1,TGFBR1,GMP,Macrophage,0.8885,0.4203,0.3734
TGFB1,TGFBR1,Leukemic_Blast,Monocyte,0.8394,0.4432,0.372
CCL2,CCR2,HSC_MPP,MSC,0.867,0.4284,0.3714
TGFB1,TGFBR2,GMP,Monocyte,0.8885,0.4138,0.3676
IL6,IL6R,HSC_MPP,MSC,0.8209,0.442,0.3629
VEGFA,FLT1,GMP,Monocyte,0.854,0.422,0.3603
CXCL8,CXCR1,Leukemic_Blast,Macrophage,0.8534,0.4218,0.3599
CXCL12,CXCR4,HSC_MPP,Monocyte,0.8229,0.4354,0.3582
CXCL8,CXCR1,Leukemic_Blast,MSC,0.8534,0.4189,0.3575
CCL2,CCR2,HSC_MPP,Macrophage,0.867,0.4122,0.3574
VEGFA,FLT1,GMP,Macrophage,0.854,0.4173,0.3564
TGFB1,TGFBR2,GMP,MSC,0.8885,0.4009,0.3562
CXCL8,CXCR2,Leukemic_Blast,MSC,0.8534,0.4158,0.3549
VEGFA,FLT1,Leukemic_Blast,Monocyte,0.8408,0.422,0.3548
IL6,IL6R,Leukemic_Blast,MSC,0.8027,0.442,0.3548
CXCL8,CXCR1,HSC_MPP,Macrophage,0.8412,0.4218,0.3548
CXCL12,CXCR4,Leukemic_Blast,Monocyte,0.814,0.4354,0.3544
CXCL8,CXCR2,Leukemic_Blast,Monocyte,0.8534,0.4148,0.354
CXCL12,CXCR4,HSC_MPP,Endothelial,0.8229,0.4299,0.3538
TGFB1,TGFBR1,Leukemic_Blast,Macrophage,0.8394,0.4203,0.3528
IL6,IL6R,HSC_MPP,Endothelial,0.8209,0.4294,0.3525
CXCL8,CXCR1,Leukemic_Blast,Endothelial,0.8534,0.413,0.3524
CXCL8,CXCR1,HSC_MPP,MSC,0.8412,0.4189,0.3524
CXCL12,CXCR4,GMP,Monocyte,0.8063,0.4354,0.351
VEGFA,FLT1,Leukemic_Blast,Macrophage,0.8408,0.4173,0.3509
CXCL12,CXCR4,Leukemic_Blast,Endothelial,0.814,0.4299,0.3499
CXCL8,CXCR2,HSC_MPP,MSC,0.8412,0.4158,0.3498
TGFB1,TGFBR1,GMP,Endothelial,0.8885,0.3932,0.3494
CXCL8,CXCR2,HSC_MPP,Monocyte,0.8412,0.4148,0.349
IL6,IL6R,GMP,MSC,0.788,0.442,0.3483
CCL2,CCR2,GMP,MSC,0.8129,0.4284,0.3483
CCL2,CCR2,HSC_MPP,Endothelial,0.867,0.4016,0.3482
CXCL8,CXCR1,HSC_MPP,Endothelial,0.8412,0.413,0.3474
TGFB1,TGFBR2,Leukemic_Blast,Monocyte,0.8394,0.4138,0.3473
CSF1,CSF1R,Leukemic_Blast,MSC,0.8043,0.4316,0.3471
CXCL12,CXCR4,GMP,Endothelial,0.8063,0.4299,0.3466
CCL2,CCR2,Leukemic_Blast,MSC,0.8087,0.4284,0.3464
CXCL12,CXCR4,HSC_MPP,Macrophage,0.8229,0.4197,0.3454
IL6,IL6R,Leukemic_Blast,Endothelial,0.8027,0.4294,0.3446
VEGFA,KDR,GMP,Monocyte,0.854,0.4026,0.3438
CXCL8,CXCR1,GMP,Macrophage,0.8132,0.4218,0.343
CXCL12,CXCR4,Leukemic_Blast,Macrophage,0.814,0.4197,0.3416
CXCL8,CXCR1,GMP,MSC,0.8132,0.4189,0.3407
CXCL8,CXCR1,Leukemic_Blast,Monocyte,0.8534,0.3987,0.3402
VEGFA,KDR,GMP,MSC,0.854,0.3972,0.3392
VEGFA,FLT1,GMP,MSC,0.854,0.3964,0.3385
VEGFA,KDR,Leukemic_Blast,Monocyte,0.8408,0.4026,0.3385
CXCL12,CXCR4,GMP,Macrophage,0.8063,0.4197,0.3384
IL6,IL6R,GMP,Endothelial,0.788,0.4294,0.3383
CXCL8,CXCR2,GMP,MSC,0.8132,0.4158,0.3382
CXCL8,CXCR2,GMP,Monocyte,0.8132,0.4148,0.3374
CSF1,CSF1R,Leukemic_Blast,Endothelial,0.8043,0.4184,0.3365
TGFB1,TGFBR2,Leukemic_Blast,MSC,0.8394,0.4009,0.3365
SPP1,CD44,HSC_MPP,Monocyte,0.7996,0.42,0.3358
CXCL8,CXCR2,Leukemic_Blast,Macrophage,0.8534,0.3935,0.3358
CXCL8,CXCR1,GMP,Endothelial,0.8132,0.413,0.3358
IL6,IL6R,HSC_MPP,Macrophage,0.8209,0.4087,0.3355
CXCL8,CXCR1,HSC_MPP,Monocyte,0.8412,0.3987,0.3353
CCL2,CCR2,GMP,Macrophage,0.8129,0.4122,0.3351
SPP1,CD44,Leukemic_Blast,Monocyte,0.7967,0.42,0.3346
VEGFA,KDR,Leukemic_Blast,MSC,0.8408,0.3972,0.334
SPP1,CD44,HSC_MPP,Endothelial,0.7996,0.4172,0.3336
VEGFA,FLT1,Leukemic_Blast,MSC,0.8408,0.3964,0.3333
CCL2,CCR2,Leukemic_Blast,Macrophage,0.8087,0.4122,0.3333
VEGFA,FLT1,HSC_MPP,Monocyte,0.7884,0.422,0.3327
CXCL8,CXCR2,Leukemic_Blast,Endothelial,0.8534,0.3897,0.3326
SPP1,CD44,Leukemic_Blast,Endothelial,0.7967,0.4172,0.3324
CXCL8,CXCR2,HSC_MPP,Macrophage,0.8412,0.3935,0.331
VEGFA,KDR,GMP,Macrophage,0.854,0.3867,0.3302
TGFB1,TGFBR1,Leukemic_Blast,Endothelial,0.8394,0.3932,0.33
VEGFA,FLT1,HSC_MPP,Macrophage,0.7884,0.4173,0.329
IL6,IL6R,Leukemic_Blast,Macrophage,0.8027,0.4087,0.3281
CXCL8,CXCR2,HSC_MPP,Endothelial,0.8412,0.3897,0.3278
CCL2,CCR2,GMP,Endothelial,0.8129,0.4016,0.3264
VEGFA,KDR,Leukemic_Blast,Macrophage,0.8408,0.3867,0.3251
CCL2,CCR2,Leukemic_Blast,Endothelial,0.8087,0.4016,0.3247
TGFB1,TGFBR2,HSC_MPP,Endothelial,0.7171,0.4528,0.3247
CXCL8,CXCR1,GMP,Monocyte,0.8132,0.3987,0.3242
CSF1,CSF1R,HSC_MPP,MSC,0.7504,0.4316,0.3238
CSF1,CSF1R,GMP,MSC,0.7479,0.4316,0.3227
IL6,IL6R,GMP,Macrophage,0.788,0.4087,0.322
CXCL8,CXCR2,GMP,Macrophage,0.8132,0.3935,0.32
TGFB1,TGFBR1,HSC_MPP,Monocyte,0.7171,0.4432,0.3178
VEGFA,KDR,HSC_MPP,Monocyte,0.7884,0.4026,0.3174
CXCL8,CXCR2,GMP,Endothelial,0.8132,0.3897,0.3169
SPP1,CD44,GMP,Monocyte,0.7529,0.42,0.3162
SPP1,CD44,GMP,Endothelial,0.7529,0.4172,0.3141
CSF1,CSF1R,HSC_MPP,Endothelial,0.7504,0.4184,0.314
VEGFA,KDR,HSC_MPP,MSC,0.7884,0.3972,0.3131
CSF1,CSF1R,GMP,Endothelial,0.7479,0.4184,0.3129
VEGFA,FLT1,HSC_MPP,MSC,0.7884,0.3964,0.3125
ANGPT1,TEK,Leukemic_Blast,Endothelial,0.4252,0.7291,0.31
VEGFA,KDR,HSC_MPP,Macrophage,0.7884,0.3867,0.3049
TGFB1,TGFBR1,HSC_MPP,Macrophage,0.7171,0.4203,0.3014
ANGPT1,TEK,GMP,Endothelial,0.411,0.7291,0.2996
TGFB1,TGFBR2,HSC_MPP,Monocyte,0.7171,0.4138,0.2967
ANGPT1,TEK,HSC_MPP,Endothelial,0.3994,0.7291,0.2912
TGFB1,TGFBR2,HSC_MPP,MSC,0.7171,0.4009,0.2874
TGFB1,TGFBR1,HSC_MPP,Endothelial,0.7171,0.3932,0.282
KITLG,KIT,HSC_MPP,Macrophage,0.4574,0.4268,0.1952
KITLG,KIT,GMP,Macrophage,0.4421,0.4268,0.1887
KITLG,KIT,HSC_MPP,MSC,0.4574,0.4028,0.1842
KITLG,KIT,Leukemic_Blast,Macrophage,0.4311,0.4268,0.184
PDGFA,PDGFRA,HSC_MPP,MSC,0.4302,0.424,0.1824
ANGPT1,TEK,Leukemic_Blast,MSC,0.4252,0.4266,0.1814
KITLG,KIT,GMP,MSC,0.4421,0.4028,0.1781
ANGPT1,TEK,Leukemic_Blast,Macrophage,0.4252,0.4145,0.1763
PDGFA,PDGFRA,Leukemic_Blast,MSC,0.4155,0.424,0.1762
ANGPT1,TEK,GMP,MSC,0.411,0.4266,0.1753
KITLG,KIT,Leukemic_Blast,MSC,0.4311,0.4028,0.1737
KITLG,KIT,HSC_MPP,Monocyte,0.4574,0.3794,0.1735
ANGPT1,TEK,Leukemic_Blast,Monocyte,0.4252,0.4071,0.1731
PDGFA,PDGFRA,HSC_MPP,Endothelial,0.4302,0.4005,0.1723
KITLG,KIT,HSC_MPP,Endothelial,0.4574,0.3763,0.1721
PDGFA,PDGFRA,HSC_MPP,Monocyte,0.4302,0.3971,0.1708
ANGPT1,TEK,GMP,Macrophage,0.411,0.4145,0.1704
ANGPT1,TEK,HSC_MPP,MSC,0.3994,0.4266,0.1704
KITLG,KIT,GMP,Monocyte,0.4421,0.3794,0.1678
PDGFA,PDGFRA,GMP,MSC,0.3947,0.424,0.1674
ANGPT1,TEK,GMP,Monocyte,0.411,0.4071,0.1673
PDGFA,PDGFRA,Leukemic_Blast,Endothelial,0.4155,0.4005,0.1664
KITLG,KIT,GMP,Endothelial,0.4421,0.3763,0.1664
ANGPT1,TEK,HSC_MPP,Macrophage,0.3994,0.4145,0.1656
PDGFA,PDGFRA,Leukemic_Blast,Monocyte,0.4155,0.3971,0.165
KITLG,KIT,Leukemic_Blast,Monocyte,0.4311,0.3794,0.1636
PDGFA,PDGFRA,HSC_MPP,Macrophage,0.4302,0.3784,0.1628
ANGPT1,TEK,HSC_MPP,Monocyte,0.3994,0.4071,0.1626
KITLG,KIT,Leukemic_Blast,Endothelial,0.4311,0.3763,0.1622
PDGFA,PDGFRA,GMP,Endothelial,0.3947,0.4005,0.1581
PDGFA,PDGFRA,Leukemic_Blast,Macrophage,0.4155,0.3784,0.1572
PDGFA,PDGFRA,GMP,Monocyte,0.3947,0.3971,0.1567
PDGFA,PDGFRA,GMP,Macrophage,0.3947,0.3784,0.1494
