,0
IL10,0.06860043
PDGFB,0.06760541
CXCL10,0.05719878
HGF,0.05308337
S100A8,0.04265253
CXCL2,0.039860964
CXCL1,0.03761477
TGFB1,0.032222852
LGALS1,0.03199383
ANGPT1,0.029032541
CCL4,0.028698476
FLT3LG,0.027042022
KITLG,0.025663136
ANGPT2,0.024523651
CXCL12,0.024432968
CSF3,0.024259638
MMP2,0.023705563
IL1B,0.023610815
SPP1,0.022033976
ANXA1,0.021420991
THBS1,0.021252006
CCL2,0.021009028
TIMP1,0.020094117
PDGFA,0.019906979
TNF,0.01964597
VEGFC,0.01948797
IL6,0.0188365
VEGFA,0.018266205
FN1,0.01588959
CCL5,0.015758967
IFNG,0.013813569
CSF1,0.013027757
CCL3,0.012409935
MMP9,0.012038112
S100A9,0.011251956
LGALS3,0.011150054
COL1A1,0.010834678
BMP4,0.010770947
FGF2,0.009298933
CSF2,0.0
TGFB2,0.0
