,importance
MMP9,0.056378905
TGFB1,0.049484514
CCL2,0.048775747
IL6,0.04255486
PDGFA,0.038031936
CSF1,0.03667903
VEGFA,0.03373955
BMP4,0.030490091
SPP1,0.030189697
CSF2,0.02988199
ANGPT1,0.027245373
LGALS3,0.026213512
ANXA1,0.023647858
VEGFC,0.02323255
HGF,0.022980636
ANGPT2,0.0229395
MMP2,0.022552222
IFNG,0.022167178
TGFB2,0.02207304
CCL5,0.021986596
IL1B,0.02145657
KITLG,0.021404989
PDGFB,0.020635448
CXCL12,0.020425128
CSF3,0.020178923
THBS1,0.019231493
FLT3LG,0.018946098
CXCL1,0.018697483
CCL4,0.018574672
TNF,0.018484063
S100A9,0.018457768
S100A8,0.017680705
COL1A1,0.01694761
IL10,0.016649919
TIMP1,0.01636504
CXCL10,0.0145468535
FGF2,0.013037569
CXCL8,0.012985376
FN1,0.012857241
CCL3,0.011503329
LGALS1,0.010419105
CXCL2,0.009269767
